f, module, argument
6.283185307179586232e+01,4.005408207694251210e+00,-1.534616453708030279e-02
6.326782014521696595e+01,4.005483613039336532e+00,-1.545294529735636788e-02
6.370681223349622258e+01,4.005560071069474759e+00,-1.556047325642413888e-02
6.414885032609690541e+01,4.005637596517752641e+00,-1.566875373098493979e-02
6.459395555812054113e+01,4.005716204324503593e+00,-1.577779207741496215e-02
6.504214921131725191e+01,4.005795909640247565e+00,-1.588759369209935546e-02
6.549345271510337341e+01,4.005876727828686867e+00,-1.599816401176999692e-02
6.594788764758612842e+01,4.005958674469727754e+00,-1.610950851384676530e-02
6.640547573659516445e+01,4.006041765362558849e+00,-1.622163271678259827e-02
6.686623886072169398e+01,4.006126016528771316e+00,-1.633454218041220651e-02
6.733019905036427133e+01,4.006211444215519890e+00,-1.644824250630455564e-02
6.779737848878232853e+01,4.006298064898738964e+00,-1.656273933811927557e-02
6.826779951315675987e+01,4.006385895286392440e+00,-1.667803836196685846e-02
6.874148461565783919e+01,4.006474952321782190e+00,-1.679414530677285355e-02
6.921845644452092472e+01,4.006565253186900044e+00,-1.691106594464614546e-02
6.969873780512891415e+01,4.006656815305826846e+00,-1.702880609125111133e-02
7.018235166110298451e+01,4.006749656348189248e+00,-1.714737160618411832e-02
7.066932113540035232e+01,4.006843794232652911e+00,-1.726676839335409414e-02
7.115966951141990648e+01,4.006939247130477888e+00,-1.738700240136735464e-02
7.165342023411555772e+01,4.007036033469127290e+00,-1.750807962391683417e-02
7.215059691111703444e+01,4.007134171935915923e+00,-1.763000610017559713e-02
7.265122331385867938e+01,4.007233681481725540e+00,-1.775278791519484256e-02
7.315532337871613322e+01,4.007334581324768941e+00,-1.787643120030647445e-02
7.366292120815063527e+01,4.007436890954402031e+00,-1.800094213353019279e-02
7.417404107186165163e+01,4.007540630135014936e+00,-1.812632693998527875e-02
7.468870740794703522e+01,4.007645818909947977e+00,-1.825259189230711565e-02
7.520694482407164116e+01,4.007752477605486696e+00,-1.837974331106849435e-02
7.572877809864381504e+01,4.007860626834913731e+00,-1.850778756520580354e-02
7.625423218200013764e+01,4.007970287502616635e+00,-1.863673107245019528e-02
7.678333219759846884e+01,4.008081480808247221e+00,-1.876658029976379857e-02
7.731610344321900641e+01,4.008194228250959057e+00,-1.889734176378096708e-02
7.785257139217392819e+01,4.008308551633700922e+00,-1.902902203125477268e-02
7.839276169452536180e+01,4.008424473067559113e+00,-1.916162771950884192e-02
7.893670017831173880e+01,4.008542014976189449e+00,-1.929516549689439323e-02
7.948441285078267526e+01,4.008661200100298139e+00,-1.942964208325285991e-02
8.003592589964269166e+01,4.008782051502183919e+00,-1.956506425038404690e-02
8.059126569430296172e+01,4.008904592570367242e+00,-1.970143882251972414e-02
8.115045878714235528e+01,4.009028847024264763e+00,-1.983877267680315970e-02
8.171353191477690814e+01,4.009154838918954411e+00,-1.997707274377436004e-02
8.228051199933813109e+01,4.009282592649993759e+00,-2.011634600786113905e-02
8.285142614976038544e+01,4.009412132958316555e+00,-2.025659950787634181e-02
8.342630166307689876e+01,4.009543484935205626e+00,-2.039784033752098380e-02
8.400516602572488978e+01,4.009676674027335075e+00,-2.054007564589370102e-02
8.458804691485991611e+01,4.009811726041884405e+00,-2.068331263800646941e-02
8.517497219967901856e+01,4.009948667151740587e+00,-2.082755857530664903e-02
8.576596994275348607e+01,4.010087523900757844e+00,-2.097282077620567925e-02
8.636106840137031782e+01,4.010228323209117818e+00,-2.111910661661419580e-02
8.696029602888343391e+01,4.010371092378752778e+00,-2.126642353048402087e-02
8.756368147607412311e+01,4.010515859098856772e+00,-2.141477901035691508e-02
8.817125359252081296e+01,4.010662651451482041e+00,-2.156418060792027885e-02
8.878304142797870213e+01,4.010811497917205593e+00,-2.171463593456997646e-02
8.939907423376833151e+01,4.010962427380905027e+00,-2.186615266198021698e-02
9.001938146417450071e+01,4.011115469137591205e+00,-2.201873852268087031e-02
9.064399277785435061e+01,4.011270652898351941e+00,-2.217240131064213485e-02
9.127293803925557825e+01,4.011428008796366740e+00,-2.232714888186681373e-02
9.190624732004422981e+01,4.011587567393037901e+00,-2.248298915499018918e-02
9.254395090054266859e+01,4.011749359684174010e+00,-2.263993011188783142e-02
9.318607927117713530e+01,4.011913417106308444e+00,-2.279797979829123813e-02
9.383266313393572489e+01,4.012079771543080042e+00,-2.295714632441164110e-02
9.448373340383633945e+01,4.012248455331732799e+00,-2.311743786557199365e-02
9.513932121040475920e+01,4.012419501269698152e+00,-2.327886266284734731e-02
9.579945789916317267e+01,4.012592942621284742e+00,-2.344142902371380496e-02
9.646417503312868291e+01,4.012768813124469425e+00,-2.360514532270597057e-02
9.713350439432258554e+01,4.012947146997783321e+00,-2.377002000208337795e-02
9.780747798528989279e+01,4.013127978947314212e+00,-2.393606157250583941e-02
9.848612803062945886e+01,4.013311344173803086e+00,-2.410327861371786007e-02
9.916948697853486294e+01,4.013497278379854372e+00,-2.427167977524246831e-02
9.985758750234563763e+01,4.013685817777259857e+00,-2.444127377708436161e-02
1.005504625021095819e+02,4.013876999094424747e+00,-2.461206941044276342e-02
1.012481451061558602e+02,4.014070859583911854e+00,-2.478407553843404304e-02
1.019506686726788018e+02,4.014267437030099472e+00,-2.495730109682433098e-02
1.026580667913331126e+02,4.014466769756963593e+00,-2.513175509477224429e-02
1.033703732848396015e+02,4.014668896635957829e+00,-2.530744661558194039e-02
1.040876222106025040e+02,4.014873857094046983e+00,-2.548438481746673548e-02
1.048098478623378611e+02,4.015081691121829444e+00,-2.566257893432340176e-02
1.055370847717130829e+02,4.015292439281808790e+00,-2.584203827651733454e-02
1.062693677099982921e+02,4.015506142716774640e+00,-2.602277223167891868e-02
1.070067316897284257e+02,4.015722843158335387e+00,-2.620479026551101459e-02
1.077492119663776151e+02,4.015942582935552174e+00,-2.638810192260817797e-02
1.084968440400447065e+02,4.016165404983727427e+00,-2.657271682728742923e-02
1.092496636571505633e+02,4.016391352853329266e+00,-2.675864468443098221e-02
1.100077068121475037e+02,4.016620470719034053e+00,-2.694589528034134832e-02
1.107710097492398944e+02,4.016852803388937687e+00,-2.713447848360837564e-02
1.115396089641173205e+02,4.017088396313882370e+00,-2.732440424598937823e-02
1.123135412056995506e+02,4.017327295596946790e+00,-2.751568260330181440e-02
1.130928434778934815e+02,4.017569548003067759e+00,-2.770832367632910381e-02
1.138775530413626456e+02,4.017815200968833267e+00,-2.790233767173994767e-02
1.146677074153084561e+02,4.018064302612403438e+00,-2.809773488302091948e-02
1.154633443792642566e+02,4.018316901743606451e+00,-2.829452569142318005e-02
1.162645019749016342e+02,4.018573047874175685e+00,-2.849272056692315341e-02
1.170712185078492951e+02,4.018832791228162726e+00,-2.869233006919755941e-02
1.178835325495247446e+02,4.019096182752496915e+00,-2.889336484861325383e-02
1.187014829389782022e+02,4.019363274127724317e+00,-2.909583564723168883e-02
1.195251087847497615e+02,4.019634117778910110e+00,-2.929975329982881932e-02
1.203544494667392541e+02,4.019908766886707951e+00,-2.950512873493047264e-02
1.211895446380890888e+02,4.020187275398616755e+00,-2.971197297586335856e-02
1.220304342270803772e+02,4.020469698040391116e+00,-2.992029714182245156e-02
1.228771584390417217e+02,4.020756090327663124e+00,-3.013011244895440546e-02
1.237297577582716741e+02,4.021046508577722278e+00,-3.034143021145805849e-02
1.245882729499744812e+02,4.021341009921494347e+00,-3.055426184270175136e-02
1.254527450622090328e+02,4.021639652315706748e+00,-3.076861885635812782e-02
1.263232154278517356e+02,4.021942494555250214e+00,-3.098451286755664336e-02
1.271997256665724620e+02,4.022249596285734086e+00,-3.120195559405409408e-02
1.280823176868246094e+02,4.022561018016241441e+00,-3.142095885742358929e-02
1.289710336878489727e+02,4.022876821132288505e+00,-3.164153458426239435e-02
1.298659161616912172e+02,4.023197067909001667e+00,-3.186369480741873400e-02
1.307670078952339168e+02,4.023521821524482789e+00,-3.208745166723841330e-02
1.316743519722417091e+02,4.023851146073410767e+00,-3.231281741283100611e-02
1.325879917754218695e+02,4.024185106580850935e+00,-3.253980440335665220e-02
1.335079709884981014e+02,4.024523769016291830e+00,-3.276842510933346969e-02
1.344343335982993892e+02,4.024867200307904014e+00,-3.299869211396602026e-02
1.353671238968633475e+02,4.025215468357025372e+00,-3.323061811449556924e-02
1.363063864835534389e+02,4.025568642052898660e+00,-3.346421592357200908e-02
1.372521662671918250e+02,4.025926791287631978e+00,-3.369949847064850068e-02
1.382045084682063418e+02,4.026289986971399948e+00,-3.393647880339881184e-02
1.391634586207926816e+02,4.026658301047903343e+00,-3.417517008915819249e-02
1.401290625750918082e+02,4.027031806510082745e+00,-3.441558561638793923e-02
1.411013664993815553e+02,4.027410577416071114e+00,-3.465773879616420444e-02
1.420804168822846805e+02,4.027794688905425247e+00,-3.490164316369180619e-02
1.430662605349912155e+02,4.028184217215617480e+00,-3.514731237984326101e-02
1.440589445934967898e+02,4.028579239698794723e+00,-3.539476023272354610e-02
1.450585165208565570e+02,4.028979834838819052e+00,-3.564400063926149997e-02
1.460650241094540434e+02,4.029386082268582747e+00,-3.589504764682775045e-02
1.470785154832866226e+02,4.029798062787618207e+00,-3.614791543488041214e-02
1.480990391002663671e+02,4.030215858379990301e+00,-3.640261831663872683e-02
1.491266437545368433e+02,4.030639552232495149e+00,-3.665917074078527127e-02
1.501613785788065059e+02,4.031069228753146660e+00,-3.691758729319746107e-02
1.512032930466970413e+02,4.031504973589993490e+00,-3.717788269870869050e-02
1.522524369751098732e+02,4.031946873650223750e+00,-3.744007182290025326e-02
1.533088605266072761e+02,4.032395017119609015e+00,-3.770416967392400259e-02
1.543726142118110545e+02,4.032849493482268066e+00,-3.797019140435692330e-02
1.554437488918178474e+02,4.033310393540759264e+00,-3.823815231308814316e-02
1.565223157806302652e+02,4.033777809436513984e+00,-3.850806784723888321e-02
1.576083664476064996e+02,4.034251834670617320e+00,-3.877995360411640169e-02
1.587019528199251397e+02,4.034732564124934306e+00,-3.905382533320227861e-02
1.598031271850685471e+02,4.035220094083598497e+00,-3.932969893817602619e-02
1.609119421933224885e+02,4.035714522254858494e+00,-3.960759047897476071e-02
1.620284508602937308e+02,4.036215947793310832e+00,-3.988751617388949788e-02
1.631527065694449448e+02,4.036724471322492569e+00,-4.016949240169918195e-02
1.642847630746468042e+02,4.037240194957876227e+00,-4.045353570384294106e-02
1.654246745027482746e+02,4.037763222330251089e+00,-4.073966278663165852e-02
1.665724953561646657e+02,4.038293658609501513e+00,-4.102789052349950505e-02
1.677282805154833341e+02,4.038831610528808902e+00,-4.131823595729641058e-02
1.688920852420880578e+02,4.039377186409252474e+00,-4.161071630262247467e-02
1.700639651808007216e+02,4.039930496184851449e+00,-4.190534894820482220e-02
1.712439763625422984e+02,4.040491651428032682e+00,-4.220215145931845852e-02
1.724321752070115679e+02,4.041060765375540598e+00,-4.250114158025135314e-02
1.736286185253827625e+02,4.041637952954800994e+00,-4.280233723681550057e-02
1.748333635230221716e+02,4.042223330810743143e+00,-4.310575653890432596e-02
1.760464678022227929e+02,4.042817017333096175e+00,-4.341141778309774019e-02
1.772679893649587655e+02,4.043419132684153539e+00,-4.371933945531602389e-02
1.784979866156585899e+02,4.044029798827036615e+00,-4.402954023352325524e-02
1.797365183639974759e+02,4.044649139554446826e+00,-4.434203899048185654e-02
1.809836438277095283e+02,4.045277280517940888e+00,-4.465685479655896045e-02
1.822394226354186344e+02,4.045914349257700771e+00,-4.497400692258596289e-02
1.835039148294898439e+02,4.046560475232859666e+00,-4.529351484277257395e-02
1.847771808689000466e+02,4.047215789852341317e+00,-4.561539823767626900e-02
1.860592816321285170e+02,4.047880426506273999e+00,-4.593967699722871501e-02
1.873502784200682925e+02,4.048554520597950734e+00,-4.626637122382041417e-02
1.886502329589563374e+02,4.049238209576366820e+00,-4.659550123544440453e-02
1.899592074033252800e+02,4.049931632969347994e+00,-4.692708756890122401e-02
1.912772643389752432e+02,4.050634932417268352e+00,-4.726115098306572782e-02
1.926044667859659967e+02,4.051348251707382886e+00,-4.759771246221772278e-02
1.939408782016306247e+02,4.052071736808779967e+00,-4.793679321943754984e-02
1.952865624836088898e+02,4.052805535907980428e+00,-4.827841470006814101e-02
1.966415839729029074e+02,4.053549799445163693e+00,-4.862259858524540374e-02
1.980060074569531992e+02,4.054304680151080476e+00,-4.896936679549804272e-02
1.993798981727364890e+02,4.055070333084624501e+00,-4.931874149441876909e-02
2.007633218098850136e+02,4.055846915671105890e+00,-4.967074509240847202e-02
2.021563445138269515e+02,4.056634587741224429e+00,-5.002540025049487249e-02
2.035590328889492753e+02,4.057433511570769369e+00,-5.038272988422774767e-02
2.049714540017822344e+02,4.058243851921045753e+00,-5.074275716765211386e-02
2.063936753842060625e+02,4.059065776080068133e+00,-5.110550553736161600e-02
2.078257650366799396e+02,4.059899453904503908e+00,-5.147099869663364358e-02
2.092677914314929808e+02,4.060745057862418683e+00,-5.183926061964823362e-02
2.107198235160382751e+02,4.061602763076808564e+00,-5.221031555579299516e-02
2.121819307161096617e+02,4.062472747369969106e+00,-5.258418803405564418e-02
2.136541829392206466e+02,4.063355191308681391e+00,-5.296090286750647358e-02
2.151366505779477052e+02,4.064250278250273851e+00,-5.334048515787314509e-02
2.166294045132949861e+02,4.065158194389539403e+00,-5.372296030020939916e-02
2.181325161180840553e+02,4.066079128806565635e+00,-5.410835398766056237e-02
2.196460572603660921e+02,4.067013273515460270e+00,-5.449669221632783694e-02
2.211701003068581315e+02,4.067960823514020774e+00,-5.488800129023384961e-02
2.227047181264035771e+02,4.068921976834362297e+00,-5.528230782639200619e-02
2.242499840934551685e+02,4.069896934594513738e+00,-5.567963875998158119e-02
2.258059720915847208e+02,4.070885901051009448e+00,-5.608002134963258056e-02
2.273727565170144373e+02,4.071889083652512120e+00,-5.648348318282098157e-02
2.289504122821744261e+02,4.072906693094474839e+00,-5.689005218137884595e-02
2.305390148192851143e+02,4.073938943374863619e+00,-5.729975660712145064e-02
2.321386400839624855e+02,4.074986051850982172e+00,-5.771262506759367028e-02
2.337493645588513118e+02,4.076048239297404230e+00,-5.812868652194007335e-02
2.353712652572808111e+02,4.077125729965059620e+00,-5.854797028690020277e-02
2.370044197269473045e+02,4.078218751641469630e+00,-5.897050604293315595e-02
2.386489060536224542e+02,4.079327535712202746e+00,-5.939632384047460051e-02
2.403048028648855450e+02,4.080452317223530301e+00,-5.982545410632862659e-02
2.419721893338844438e+02,4.081593334946352236e+00,-6.025792765019960529e-02
2.436511451831198656e+02,4.082750831441386730e+00,-6.069377567136534368e-02
2.453417506882575196e+02,4.083925053125687654e+00,-6.113302976549705309e-02
2.470440866819668884e+02,4.085116250340495192e+00,-6.157572193162873936e-02
2.487582345577847320e+02,4.086324677420455131e+00,-6.202188457928002607e-02
2.504842762740084652e+02,4.087550592764256585e+00,-6.247155053573666406e-02
2.522222943576132934e+02,4.088794258906697010e+00,-6.292475305349215509e-02
2.539723719081988236e+02,4.090055942592232263e+00,-6.338152581785509720e-02
2.557345926019625324e+02,4.091335914850025013e+00,-6.384190295472663701e-02
2.575090406956994684e+02,4.092634451070548351e+00,-6.430591903855142899e-02
2.592958010308323082e+02,4.093951831083761483e+00,-6.477360910044818731e-02
2.610949590374666514e+02,4.095288339238917885e+00,-6.524500863652268889e-02
2.629066007384760155e+02,4.096644264486029918e+00,-6.572015361636958375e-02
2.647308127536155666e+02,4.098019900459028086e+00,-6.619908049176696785e-02
2.665676823036620817e+02,4.099415545560668228e+00,-6.668182620556868667e-02
2.684172972145859717e+02,4.100831503049234605e+00,-6.716842820080068388e-02
2.702797459217493383e+02,4.102268081127042443e+00,-6.765892442996522538e-02
2.721551174741346131e+02,4.103725593030857155e+00,-6.815335336455966009e-02
2.740435015386027544e+02,4.105204357124192960e+00,-6.865175400481490775e-02
2.759449884041791847e+02,4.106704696991616999e+00,-6.915416588965955791e-02
2.778596689863725260e+02,4.108226941535044752e+00,-6.966062910691583898e-02
2.797876348315199380e+02,4.109771425072117346e+00,-7.017118430373318894e-02
2.817289781211651416e+02,4.111338487436705158e+00,-7.068587269726646360e-02
2.836837916764658871e+02,4.112928474081575025e+00,-7.120473608560477785e-02
2.856521689626309239e+02,4.114541736183294773e+00,-7.172781685895786297e-02
2.876342040933905650e+02,4.116178630749421252e+00,-7.225515801110768410e-02
2.896299918354951046e+02,4.117839520728043823e+00,-7.278680315113114641e-02
2.916396276132463186e+02,4.119524775119717930e+00,-7.332279651540259124e-02
2.936632075130607404e+02,4.121234769091889127e+00,-7.386318297988314630e-02
2.957008282880619277e+02,4.122969884095820881e+00,-7.440800807270454842e-02
2.977525873627089368e+02,4.124730507986148709e+00,-7.495731798705675131e-02
2.998185828374524817e+02,4.126517035143081991e+00,-7.551115959438590985e-02
3.018989134934262779e+02,4.128329866597347575e+00,-7.606958045791301082e-02
3.039936787971704462e+02,4.130169410157940035e+00,-7.663262884648158746e-02
3.061029789053857826e+02,4.132036080542756729e+00,-7.720035374874269218e-02
3.082269146697244651e+02,4.133930299512182494e+00,-7.777280488768867350e-02
3.103655876416106594e+02,4.135852496005715473e+00,-7.835003273554358438e-02
3.125191000770964251e+02,4.137803106281720211e+00,-7.893208852902150463e-02
3.146875549417513298e+02,4.139782574060358655e+00,-7.951902428496283870e-02
3.168710559155841793e+02,4.141791350669834060e+00,-8.011089281635899728e-02
3.190697073980021514e+02,4.143829895195986879e+00,-8.070774774877786939e-02
3.212836145128008525e+02,4.145898674635379422e+00,-8.130964353719957738e-02
3.235128831131911511e+02,4.147998164051922565e+00,-8.191663548327604571e-02
3.257576197868609142e+02,4.150128846737175969e+00,-8.252877975302627678e-02
3.280179318610697123e+02,4.152291214374396411e+00,-8.314613339497881062e-02
3.302939274077824052e+02,4.154485767206456792e+00,-8.376875435877642606e-02
3.325857152488347879e+02,4.156713014207722878e+00,-8.439670151425437972e-02
3.348934049611373780e+02,4.158973473260023646e+00,-8.503003467100818391e-02
3.372171068819149582e+02,4.161267671332798734e+00,-8.566881459846360791e-02
3.395569321139806220e+02,4.163596144667564225e+00,-8.631310304646454268e-02
3.419129925310500084e+02,4.165959438966805095e+00,-8.696296276639475797e-02
3.442854007830887895e+02,4.168358109587424920e+00,-8.761845753284770721e-02
3.466742703016990959e+02,4.170792721738870945e+00,-8.827965216586243502e-02
3.490797153055433455e+02,4.173263850686085519e+00,-8.894661255374189390e-02
3.515018508058049633e+02,4.175772081957403792e+00,-8.961940567647093403e-02
3.539407926116880390e+02,4.178318011557544231e+00,-9.029809962975306192e-02
3.563966573359537051e+02,4.180902246185850935e+00,-9.098276364968344021e-02
3.588695624004959654e+02,4.183525403459905867e+00,-9.167346813807859818e-02
3.613596260419562896e+02,4.186188112144710871e+00,-9.237028468848273999e-02
3.638669673173764068e+02,4.188891012387563784e+00,-9.307328611287107867e-02
3.663917061098914587e+02,4.191634755958816072e+00,-9.378254646907203951e-02
3.689339631344610098e+02,4.194420006498666531e+00,-9.449814108893027365e-02
3.714938599436413824e+02,4.197247439770189992e+00,-9.522014660723418511e-02
3.740715189333973285e+02,4.200117743918760027e+00,-9.594864099143103620e-02
3.766670633489538886e+02,4.203031619738085034e+00,-9.668370357215477773e-02
3.792806172906898041e+02,4.205989780943009571e+00,-9.742541507459245853e-02
3.819123057200701510e+02,4.208992954449342072e+00,-9.817385765071480475e-02
3.845622544656217201e+02,4.212041880660852833e+00,-9.892911491239964050e-02
3.872305902289490405e+02,4.215137313763717586e+00,-9.969127196547543368e-02
3.899174405907921255e+02,4.218280022028586984e+00,-1.004604154447152897e-01
3.926229340171275339e+02,4.221470788120539552e+00,-1.012366335498117165e-01
3.953471998653091077e+02,4.224710409417145485e+00,-1.020200160823631907e-01
3.980903683902539001e+02,4.227999698334886425e+00,-1.028106544839063885e-01
4.008525707506698836e+02,4.231339482664201235e+00,-1.036086418750274823e-01
4.036339390153268596e+02,4.234730605913398449e+00,-1.044140730955877422e-01
4.064346061693718752e+02,4.238173927661740947e+00,-1.052270447461004926e-01
4.092547061206853414e+02,4.241670323921954200e+00,-1.060476552302963144e-01
4.120943737062867740e+02,4.245220687512478719e+00,-1.068760047989179562e-01
4.149537446987790759e+02,4.248825928439741162e+00,-1.077121955947830667e-01
4.178329558128413623e+02,4.252486974290795807e+00,-1.085563316991596111e-01
4.207321447117661251e+02,4.256204770636617951e+00,-1.094085191794964412e-01
4.236514500140396535e+02,4.259980281446432038e+00,-1.102688661385551883e-01
4.265910112999717398e+02,4.263814489513380046e+00,-1.111374827649913438e-01
4.295509691183681866e+02,4.267708396891923606e+00,-1.120144813854328236e-01
4.325314649932508928e+02,4.271663025347335996e+00,-1.128999765181080833e-01
4.355326414306255742e+02,4.275679416817675715e+00,-1.137940849280767719e-01
4.385546419252933674e+02,4.279758633888654629e+00,-1.146969256841168794e-01
4.415976109677141608e+02,4.283901760281795035e+00,-1.156086202173285393e-01
4.446616940509133542e+02,4.288109901356316200e+00,-1.165292923815105935e-01
4.477470376774385841e+02,4.292384184625213983e+00,-1.174590685153747843e-01
4.508537893663655609e+02,4.296725760285966977e+00,-1.183980775066609120e-01
4.539820976603491545e+02,4.301135801766362121e+00,-1.193464508582188915e-01
4.571321121327283095e+02,4.305615506285951355e+00,-1.203043227561300804e-01
4.603039833946753561e+02,4.310166095433628719e+00,-1.212718301399372672e-01
4.634978631023983553e+02,4.314788815761882113e+00,-1.222491127750610501e-01
4.667139039643924434e+02,4.319484939398261503e+00,-1.232363133274804179e-01
4.699522597487392090e+02,4.324255764674644453e+00,-1.242335774407576227e-01
4.732130852904621179e+02,4.329102616774915369e+00,-1.252410538154961617e-01
4.764965364989266732e+02,4.334026848401618004e+00,-1.262588942913154266e-01
4.798027703652960554e+02,4.339029840462297116e+00,-1.272872539314386653e-01
4.831319449700380915e+02,4.344113002776142096e+00,-1.283262911099874726e-01
4.864842194904814505e+02,4.349277774801647567e+00,-1.293761676020834250e-01
4.898597542084288534e+02,4.354525626385999715e+00,-1.304370486768625104e-01
4.932587105178185425e+02,4.359858058536925540e+00,-1.315091031935079480e-01
4.966812509324420830e+02,4.365276604217812384e+00,-1.325925037004180851e-01
5.001275390937149155e+02,4.370782829166838468e+00,-1.336874265376245541e-01
5.035977397784985214e+02,4.376378332741007959e+00,-1.347940519425845918e-01
5.070920189069819344e+02,4.382064748785912123e+00,-1.359125641594771949e-01
5.106105435506123627e+02,4.387843746532147371e+00,-1.370431515521344235e-01
5.141534819400839069e+02,4.393717031519282834e+00,-1.381860067207491272e-01
5.177210034733827797e+02,4.399686346548388194e+00,-1.393413266225050351e-01
5.213132787238836272e+02,4.405753472664089010e+00,-1.405093126962796979e-01
5.249304794485083221e+02,4.411920230167220680e+00,-1.416901709915808494e-01
5.285727785959360290e+02,4.418188479659148626e+00,-1.428841123018805837e-01
5.322403503148727850e+02,4.424560123118899568e+00,-1.440913523025207088e-01
5.359333699623797429e+02,4.431037105014240751e+00,-1.453121116933717427e-01
5.396520141122540508e+02,4.437621413447971896e+00,-1.465466163464304306e-01
5.433964605634749887e+02,4.444315081340644014e+00,-1.477950974585590382e-01
5.471668883487027415e+02,4.451120187651056881e+00,-1.490577917095669558e-01
5.509634777428389043e+02,4.458038858635873680e+00,-1.503349414258541017e-01
5.547864102716472416e+02,4.465073269149791635e+00,-1.516267947498409763e-01
5.586358687204301532e+02,4.472225643987724375e+00,-1.529336058154192046e-01
5.625120371427717600e+02,4.479498259270547678e+00,-1.542556349296734519e-01
5.664151008693349922e+02,4.486893443875970000e+00,-1.555931487611278419e-01
5.703452465167240462e+02,4.494413580916231332e+00,-1.569464205347919361e-01
5.743026619964080055e+02,4.502061109264301031e+00,-1.583157302342863282e-01
5.782875365237024425e+02,4.509838525130394515e+00,-1.597013648113435602e-01
5.823000606268202546e+02,4.517748383690661562e+00,-1.611036184029984719e-01
5.863404261559783208e+02,4.525793300769973548e+00,-1.625227925567876708e-01
5.904088262925712343e+02,4.533975954580822254e+00,-1.639591964643017930e-01
5.945054555584097216e+02,4.542299087520420997e+00,-1.654131472034481576e-01
5.986305098250171568e+02,4.550765508028178807e+00,-1.668849699897928529e-01
6.027841863229994033e+02,4.559378092505798286e+00,-1.683749984373817954e-01
6.069666836514719535e+02,4.568139787302354371e+00,-1.698835748294436065e-01
6.111782017875558495e+02,4.577053610766776970e+00,-1.714110503994127344e-01
6.154189420959412473e+02,4.586122655370290957e+00,-1.729577856227203225e-01
6.196891073385113486e+02,4.595350089901427459e+00,-1.745241505198294185e-01
6.239889016840418208e+02,4.604739161736347342e+00,-1.761105249710138987e-01
6.283185307179586516e+02,4.614293199187339489e+00,-1.777172990434012223e-01
6.326782014521693327e+02,4.624015613932408009e+00,-1.793448733308311560e-01
6.370681223349621405e+02,4.633909903529062291e+00,-1.809936593071065636e-01
6.414885032609690825e+02,4.643979654015446989e+00,-1.826640796932407773e-01
6.459395555812058092e+02,4.654228542602165675e+00,-1.843565688393421220e-01
6.504214921131725760e+02,4.664660340458192778e+00,-1.860715731217999214e-01
6.549345271510334214e+02,4.675278915594477169e+00,-1.878095513564820573e-01
6.594788764758611705e+02,4.686088235848884231e+00,-1.895709752286784955e-01
6.640547573659515592e+02,4.697092371976363090e+00,-1.913563297405712349e-01
6.686623886072172809e+02,4.708295500848284298e+00,-1.931661136770529141e-01
6.733019905036427417e+02,4.719701908765070009e+00,-1.950008400907485007e-01
6.779737848878230579e+02,4.731315994886410969e+00,-1.968610368071563865e-01
6.826779951315675135e+02,4.743142274783473056e+00,-1.987472469508548556e-01
6.874148461565785055e+02,4.755185384117664782e+00,-2.006600294937849471e-01
6.921845644452095030e+02,4.767450082450728210e+00,-2.025999598266685076e-01
6.969873780512891699e+02,4.779941257191022252e+00,-2.045676303546733743e-01
7.018235166110295040e+02,4.792663927681086733e+00,-2.065636511185071911e-01
7.066932113540034379e+02,4.805623249431678623e+00,-2.085886504421728682e-01
7.115966951141990648e+02,4.818824518507685006e+00,-2.106432756086957236e-01
7.165342023411560604e+02,4.832273176071478993e+00,-2.127281935652010625e-01
7.215059691111703160e+02,4.845974813089391375e+00,-2.148440916587881777e-01
7.265122331385864527e+02,4.859935175207245273e+00,-2.169916784047434544e-01
7.315532337871613890e+02,4.874160167800908106e+00,-2.191716842886990146e-01
7.366292120815063527e+02,4.888655861208120790e+00,-2.213848626044494505e-01
7.417404107186168858e+02,4.903428496147927973e+00,-2.236319903292291744e-01
7.468870740794703806e+02,4.918484489334142395e+00,-2.259138690383443726e-01
7.520694482407160422e+02,4.933830439289539349e+00,-2.282313258611777806e-01
7.572877809864380652e+02,4.949473132367424810e+00,-2.305852144806782855e-01
7.625423218200012343e+02,4.965419548987454412e+00,-2.329764161785798093e-01
7.678333219759852000e+02,4.981676870092623943e+00,-2.354058409287191900e-01
7.731610344321901493e+02,4.998252483834336068e+00,-2.378744285409461756e-01
7.785257139217389977e+02,5.015153992492651369e+00,-2.403831498582805204e-01
7.839276169452537033e+02,5.032389219638637279e+00,-2.429330080101001765e-01
7.893670017831176438e+02,5.049966217545830638e+00,-2.455250397243202154e-01
7.948441285078271221e+02,5.067893274857713237e+00,-2.481603167016880884e-01
8.003592589964268882e+02,5.086178924517938071e+00,-2.508399470554948940e-01
8.059126569430293330e+02,5.104831951969888593e+00,-2.535650768201975769e-01
8.115045878714234959e+02,5.123861403631876144e+00,-2.563368915326483810e-01
8.171353191477695646e+02,5.143276595653971661e+00,-2.591566178898388473e-01
8.228051199933814814e+02,5.163087122961985465e+00,-2.620255254872955741e-01
8.285142614976040250e+02,5.183302868593664847e+00,-2.649449286425012429e-01
8.342630166307684476e+02,5.203934013331394048e+00,-2.679161883079655415e-01
8.400516602572489546e+02,5.224991045635038134e+00,-2.709407140788478441e-01
8.458804691485995590e+02,5.246484771877487852e+00,-2.740199663003032859e-01
8.517497219967907540e+02,5.268426326884451782e+00,-2.771554582800391242e-01
8.576596994275349743e+02,5.290827184778618353e+00,-2.803487586118707520e-01
8.636106840137026666e+02,5.313699170126754190e+00,-2.836014936164081290e-01
8.696029602888343106e+02,5.337054469386520950e+00,-2.869153499053553880e-01
8.756368147607416859e+02,5.360905642647570524e+00,-2.902920770762720815e-01
8.817125359252087264e+02,5.385265635659043149e+00,-2.937334905450479372e-01
8.878304142797869645e+02,5.410147792132717903e+00,-2.972414745237378919e-01
8.939907423376829456e+02,5.435565866307615401e+00,-3.008179851518466563e-01
9.001938146417448934e+02,5.461534035758191408e+00,-3.044650537896013143e-01
9.064399277785439608e+02,5.488066914423641585e+00,-3.081847904822235251e-01
9.127293803925558677e+02,5.515179565830934827e+00,-3.119793876047111669e-01
9.190624732004423549e+02,5.542887516478221421e+00,-3.158511236971509595e-01
9.254395090054262027e+02,5.571206769338663101e+00,-3.198023675011180678e-01
9.318607927117711824e+02,5.600153817437090176e+00,-3.238355822082831237e-01
9.383266313393576183e+02,5.629745657443164575e+00,-3.279533299329102647e-01
9.448373340383633376e+02,5.659999803214796010e+00,-3.321582764205294191e-01
9.513932121040475067e+02,5.690934299214216452e+00,-3.364531960056645898e-01
9.579945789916312151e+02,5.722567733706153348e+00,-3.408409768321121192e-01
9.646417503312868575e+02,5.754919251632950150e+00,-3.453246263498913060e-01
9.713350439432263101e+02,5.788008567044616193e+00,-3.499072771036045304e-01
9.780747798528990415e+02,5.821855974942979906e+00,-3.545921928275664325e-01
9.848612803062945886e+02,5.856482362377341211e+00,-3.593827748636573838e-01
9.916948697853480326e+02,5.891909218604681975e+00,-3.642825689184376881e-01
9.985758750234563195e+02,5.928158644099626784e+00,-3.692952721766024071e-01
1.005504625021096444e+03,5.965253358167897701e+00,-3.744247407883393164e-01
1.012481451061558573e+03,6.003216704881367605e+00,-3.796749977485889826e-01
1.019506686726788075e+03,6.042072657012376169e+00,-3.850502411865199259e-01
1.026580667913330672e+03,6.081845817599222492e+00,-3.905548530837448240e-01
1.033703732848395930e+03,6.122561418723300619e+00,-3.961934084398848754e-01
1.040876222106025580e+03,6.164245317019679149e+00,-4.019706849039463847e-01
1.048098478623378696e+03,6.206923985377271968e+00,-4.078916728896449517e-01
1.055370847717131028e+03,6.250624500210251178e+00,-4.139615861921684958e-01
1.062693677099982324e+03,6.295374523598541217e+00,-4.201858731228967914e-01
1.070067316897284400e+03,6.341202279501012562e+00,-4.265702281772266180e-01
1.077492119663776975e+03,6.388136523138659761e+00,-4.331206042487385499e-01
1.084968440400447207e+03,6.436206502526035322e+00,-4.398432254004884800e-01
1.092496636571505633e+03,6.485441910995316306e+00,-4.467446002009843875e-01
1.100077068121474440e+03,6.535872829407513684e+00,-4.538315356283612600e-01
1.107710097492398745e+03,6.587529656577987502e+00,-4.611111515412197881e-01
1.115396089641173603e+03,6.640443026256241943e+00,-4.685908957083251281e-01
1.123135412056995392e+03,6.694643708792016312e+00,-4.762785593817072671e-01
1.130928434778934843e+03,6.750162495388305040e+00,-4.841822933883847546e-01
1.138775530413626029e+03,6.807030062585988972e+00,-4.923106247046609707e-01
1.146677074153084732e+03,6.865276814342367473e+00,-5.006724734634372398e-01
1.154633443792642993e+03,6.924932698755215554e+00,-5.092771703287907181e-01
1.162645019749016228e+03,6.986026996144619083e+00,-5.181344741528500775e-01
1.170712185078492894e+03,7.048588074835124395e+00,-5.272545898071868686e-01
1.178835325495246934e+03,7.112643110581597483e+00,-5.366481860540477378e-01
1.187014829389782108e+03,7.178217765154171204e+00,-5.463264132911662685e-01
1.195251087847498184e+03,7.245335819143017275e+00,-5.563009209668740018e-01
1.203544494667392428e+03,7.314018753567065545e+00,-5.665838744191280529e-01
1.211895446380890689e+03,7.384285274378141750e+00,-5.771879708419778154e-01
1.220304342270803090e+03,7.456150773453113167e+00,-5.881264540250958905e-01
1.228771584390417047e+03,7.529626719175269045e+00,-5.994131274453997626e-01
1.237297577582717395e+03,7.604719969239734034e+00,-6.110623652134632433e-01
1.245882729499744983e+03,7.681431997901698949e+00,-6.230891202905556314e-01
1.254527450622090328e+03,7.759758029551425906e+00,-6.355089292937523560e-01
1.263232154278516646e+03,7.839686070288134800e+00,-6.483379130959678882e-01
1.271997256665724535e+03,7.921195829127337440e+00,-6.615927723044087161e-01
1.280823176868246946e+03,8.004257520677521498e+00,-6.752907765645392857e-01
1.289710336878489670e+03,8.088830541642257899e+00,-6.894497464875678494e-01
1.298659161616912343e+03,8.174862014438224023e+00,-7.040880268384666074e-01
1.307670078952338599e+03,8.262285192683913593e+00,-7.192244494505481978e-01
1.316743519722417204e+03,8.351017725442153150e+00,-7.348782841546728228e-01
1.325879917754219377e+03,8.440959780046144445e+00,-7.510691758306612398e-01
1.335079709884980957e+03,8.531992027277023993e+00,-7.678170655121143717e-01
1.344343335982993949e+03,8.623973497778644415e+00,-7.851420933123743895e-01
1.353671238968632906e+03,8.716739325088362023e+00,-8.030644808005870106e-01
1.363063864835534559e+03,8.810098398724983682e+00,-8.216043903580292351e-01
1.372521662671918875e+03,8.903830960578561715e+00,-8.407817590048415335e-01
1.382045084682063361e+03,8.997686189522232425e+00,-8.606161042293923868e-01
1.391634586207926986e+03,9.091379832766630642e+00,-8.811262995039813584e-01
1.401290625750917116e+03,9.184591957939662876e+00,-9.023303174630449286e-01
1.411013664993815610e+03,9.276964916968527319e+00,-9.242449391883137411e-01
1.420804168822847487e+03,9.368101631109514216e+00,-9.468854287260308755e-01
1.430662605349912155e+03,9.457564325171253117e+00,-9.702651728908612272e-01
1.440589445934968126e+03,9.544873857012120766e+00,-9.943952876214977588e-01
1.450585165208564831e+03,9.629509804269089202e+00,-1.019284193667968408e+00
1.460650241094540434e+03,9.710911482072445366e+00,-1.044937166219058078e+00
1.470785154832866965e+03,9.788480070890312135e+00,-1.071355865206655045e+00
1.480990391002663728e+03,9.861582029975695107e+00,-1.098537855409468023e+00
1.491266437545368490e+03,9.929553956340599896e+00,-1.126476128040122537e+00
1.501613785788063524e+03,9.991709019049675788e+00,-1.155158638112335101e+00
1.512032930466970356e+03,1.004734505168184988e+01,-1.184567874375559660e+00
1.522524369751099357e+03,1.009575432077583557e+01,-1.214680480753922875e+00
1.533088605266072818e+03,1.013623490515584180e+01,-1.245466949777498167e+00
1.543726142118110374e+03,1.016810352241943427e+01,-1.276891409168955382e+00
1.554437488918176996e+03,1.019070952914558603e+01,-1.308911522275574058e+00
1.565223157806302879e+03,1.020344970768928050e+01,-1.341478521184183315e+00
1.576083664476065906e+03,1.020578334427291800e+01,-1.374537387974615443e+00
1.587019528199251454e+03,1.019724701168276582e+01,-1.408027194627876844e+00
1.598031271850684561e+03,1.017746840703862432e+01,-1.441881605735594096e+00
1.609119421933223293e+03,1.014617857169596604e+01,-1.476029540659145933e+00
1.620284508602937194e+03,1.010322184455315409e+01,-1.510395983631777739e+00
1.631527065694450357e+03,1.004856297572675494e+01,-1.544902922094658182e+00
1.642847630746467985e+03,9.982290953015279911e+00,-1.579470385999204751e+00
1.654246745027481893e+03,9.904619261046439860e+00,-1.614017554583790703e+00
1.665724953561644952e+03,9.815882489190856930e+00,-1.648463892846412593e+00
1.677282805154833341e+03,9.716529411829704088e+00,-1.682730278017278369e+00
1.688920852420881374e+03,9.607112864140589181e+00,-1.716740076983046093e+00
1.700639651808007557e+03,9.488276909746257815e+00,-1.750420138761302535e+00
1.712439763625422074e+03,9.360741928185609240e+00,-1.783701671449006154e+00
1.724321752070114144e+03,9.225288330285785321e+00,-1.816520980045470246e+00
1.736286185253827398e+03,9.082739634469524148e+00,-1.848820049520526032e+00
1.748333635230222626e+03,8.933945609396307219e+00,-1.880546965760020006e+00
1.760464678022227872e+03,8.779766115953933081e+00,-1.911656174914970086e+00
1.772679893649587029e+03,8.621056175976766767e+00,-1.942108588661265900e+00
1.784979866156584194e+03,8.458652669372709099e+00,-1.971871548555274023e+00
1.797365183639974930e+03,8.293362928663528422e+00,-2.000918666834296644e+00
1.809836438277096022e+03,8.125955371735292587e+00,-2.029229563613071274e+00
1.822394226354186230e+03,7.957152198712771352e+00,-2.056789521563127110e+00
1.835039148294897359e+03,7.787624083166305056e+00,-2.083589079026279212e+00
1.847771808688998362e+03,7.617986714228393019e+00,-2.109623581363818001e+00
1.860592816321285454e+03,7.448798995000335488e+00,-2.134892708457661215e+00
1.873502784200684118e+03,7.280562672286600367e+00,-2.159399993928910355e+00
1.886502329589563260e+03,7.113723160346776098e+00,-2.183152349062845055e+00
1.899592074033251720e+03,6.948671323482948026e+00,-2.206159601823662886e+00
1.912772643389752375e+03,6.785745995203300573e+00,-2.228434058856255007e+00
1.926044667859660194e+03,6.625237031952631916e+00,-2.249990096108224868e+00
1.939408782016307214e+03,6.467388723951053464e+00,-2.270843781724144250e+00
1.952865624836088955e+03,6.312403412067268960e+00,-2.291012533192749778e+00
1.966415839729027994e+03,6.160445185985086169e+00,-2.310514809367944622e+00
1.980060074569532162e+03,6.011643563869738749e+00,-2.329369836918487202e+00
1.993798981727364890e+03,5.866097076438275160e+00,-2.347597369961098135e+00
2.007633218098851103e+03,5.723876698314191103e+00,-2.365217481062228178e+00
2.021563445138269344e+03,5.585029086621935868e+00,-2.382250381418116181e+00
2.035590328889491730e+03,5.449579600984614913e+00,-2.398716267805347080e+00
2.049714540017822856e+03,5.317535090609448289e+00,-2.414635193801092594e+00
2.063936753842060625e+03,5.188886443238773793e+00,-2.430026962774569199e+00
2.078257650366800590e+03,5.063610897716905868e+00,-2.444911040223404886e+00
2.092677914314929694e+03,4.941674127089654256e+00,-2.459306483149501510e+00
2.107198235160381955e+03,4.823032102815991706e+00,-2.473231884321943852e+00
2.121819307161096731e+03,4.707632753114798341e+00,-2.486705329445596746e+00
2.136541829392206637e+03,4.595417429939491427e+00,-2.499744365433516524e+00
2.151366505779478302e+03,4.486322199788543408e+00,-2.512365978161192448e+00
2.166294045132950032e+03,4.380278973702655065e+00,-2.524586578255493485e+00
2.181325161180839586e+03,4.277216491518743169e+00,-2.536421993637570260e+00
2.196460572603661149e+03,4.177061174873087701e+00,-2.547887467694027741e+00
2.211701003068581031e+03,4.079737862665123060e+00,-2.558997662093557945e+00
2.227047181264035771e+03,3.985170441788193685e+00,-2.569766663396057638e+00
2.242499840934551685e+03,3.893282384962658327e+00,-2.580207992718104748e+00
2.258059720915845901e+03,3.803997206511736007e+00,-2.590334617823156105e+00
2.273727565170143862e+03,3.717238845937271385e+00,-2.600158967097212503e+00
2.289504122821743749e+03,3.632931988200005957e+00,-2.609692944952251459e+00
2.305390148192851029e+03,3.551002328704815358e+00,-2.618947948271018955e+00
2.321386400839624912e+03,3.471376790144817814e+00,-2.627934883568873392e+00
2.337493645588511754e+03,3.393983697573034419e+00,-2.636664184602293570e+00
2.353712652572808111e+03,3.318752917351017739e+00,-2.645145830200083648e+00
2.370044197269472988e+03,3.245615964967865530e+00,-2.653389362133295570e+00
2.386489060536224770e+03,3.174506086129682103e+00,-2.661403902874109217e+00
2.403048028648855961e+03,3.105358314986217838e+00,-2.669198173122995232e+00
2.419721893338843529e+03,3.038109512882652741e+00,-2.676780509008358067e+00
2.436511451831198428e+03,2.972698390598636387e+00,-2.684158878883698307e+00
2.453417506882575253e+03,2.909065516657405315e+00,-2.691340899665050745e+00
2.470440866819669282e+03,2.847153313952033304e+00,-2.698333852666222832e+00
2.487582345577847718e+03,2.786906046639635814e+00,-2.705144698901689182e+00
2.504842762740083344e+03,2.728269798992488671e+00,-2.711780093837282912e+00
2.522222943576132820e+03,2.671192447665843073e+00,-2.718246401577239624e+00
2.539723719081990566e+03,2.615623628640248999e+00,-2.724549708483106958e+00
2.557345926019625495e+03,2.561514699919898774e+00,-2.730695836225650375e+00
2.575090406956995139e+03,2.508818700914272615e+00,-2.736690354275426174e+00
2.592958010308322173e+03,2.457490309295850661e+00,-2.742538591841278350e+00
2.610949590374666968e+03,2.407485796009285917e+00,-2.748245649268874935e+00
2.629066007384762997e+03,2.358762979005715188e+00,-2.753816408913527081e+00
2.647308127536155553e+03,2.311281176187164110e+00,-2.759255545503203955e+00
2.665676823036620135e+03,2.265001157969462220e+00,-2.764567536008782689e+00
2.684172972145858239e+03,2.219885099805618545e+00,-2.769756669039391550e+00
2.702797459217493724e+03,2.175896534954163464e+00,-2.774827053781178776e+00
2.721551174741348859e+03,2.133000307727584755e+00,-2.779782628498066455e+00
2.740435015386027771e+03,2.091162527413262140e+00,-2.784627168613075021e+00
2.759449884041792302e+03,2.050350523022779203e+00,-2.789364294388664955e+00
2.778596689863723896e+03,2.010532798994083770e+00,-2.793997478224244713e+00
2.797876348315199721e+03,1.971678991944021409e+00,-2.798530051588655088e+00
2.817289781211654372e+03,1.933759828545997594e+00,-2.802965211604940166e+00
2.836837916764658530e+03,1.896747084587872223e+00,-2.807306027304231399e+00
2.856521689626309126e+03,1.860613545248768652e+00,-2.811555445564987377e+00
2.876342040933904173e+03,1.825332966619531039e+00,-2.815716296753242975e+00
2.896299918354951387e+03,1.790880038479688574e+00,-2.819791300078929197e+00
2.916396276132466483e+03,1.757230348334118286e+00,-2.823783068682677921e+00
2.936632075130607518e+03,1.724360346704279179e+00,-2.827694114466927644e+00
2.957008282880619390e+03,1.692247313662242458e+00,-2.831526852684515649e+00
2.977525873627087549e+03,1.660869326590179718e+00,-2.835283606297331449e+00
2.998185828374524590e+03,1.630205229143459000e+00,-2.838966610117016565e+00
3.018989134934265621e+03,1.600234601391976597e+00,-2.842578014739104209e+00
3.039936787971704689e+03,1.570937731111471614e+00,-2.846119890281442633e+00
3.061029789053857257e+03,1.542295586194477597e+00,-2.849594229937175704e+00
3.082269146697243286e+03,1.514289788148948102e+00,-2.853002953352055560e+00
3.103655876416106821e+03,1.486902586651445590e+00,-2.856347909835333265e+00
3.125191000770967548e+03,1.460116835121074708e+00,-2.859630881413005365e+00
3.146875549417513412e+03,1.433915967279930426e+00,-2.862853585731725659e+00
3.168710559155842020e+03,1.408283974665729854e+00,-2.866017678821245696e+00
3.190697073980019923e+03,1.383205385062451942e+00,-2.869124757722832708e+00
3.212836145128008411e+03,1.358665241815034674e+00,-2.872176362990707776e+00
3.235128831131914467e+03,1.334649083994751795e+00,-2.875173981073168239e+00
3.257576197868609142e+03,1.311142927382398016e+00,-2.878119046579702189e+00
3.280179318610697010e+03,1.288133246237172402e+00,-2.881012944440046741e+00
3.302939274077822120e+03,1.265606955819932544e+00,-2.883857011960828221e+00
3.325857152488348220e+03,1.243551395640277946e+00,-2.886652540785111132e+00
3.348934049611376849e+03,1.221954313397882963e+00,-2.889400778759887434e+00
3.372171068819149696e+03,1.200803849589337391e+00,-2.892102931716271197e+00
3.395569321139805652e+03,1.180088522752774649e+00,-2.894760165166892829e+00
3.419129925310498948e+03,1.159797215323473019e+00,-2.897373605924746798e+00
3.442854007830887440e+03,1.139919160074580162e+00,-2.899944343647512301e+00
3.466742703016992891e+03,1.120443927118059069e+00,-2.902473432311147405e+00
3.490797153055433228e+03,1.101361411441908800e+00,-2.904961891616349767e+00
3.515018508058049520e+03,1.082661820960618915e+00,-2.907410708331283011e+00
3.539407926116879025e+03,1.064335665056787006e+00,-2.909820837573774632e+00
3.563966573359537051e+03,1.046373743592633687e+00,-2.912193204036028771e+00
3.588695624004961701e+03,1.028767136371109725e+00,-2.914528703154724454e+00
3.613596260419562896e+03,1.011507193027060492e+00,-2.916828202229217126e+00
3.638669673173764295e+03,9.945855233297904441e-01,-2.919092541490419634e+00
3.663917061098912654e+03,9.779939878791565899e-01,-2.921322535122784281e+00
3.689339631344610098e+03,9.617246891780509843e-01,-2.923518972241700986e+00
3.714938599436415643e+03,9.457699630649345490e-01,-2.925682617828482268e+00
3.740715189333973285e+03,9.301223704907355394e-01,-2.927814213625004935e+00
3.766670633489538432e+03,9.147746896251688353e-01,-2.929914478989958049e+00
3.792806172906895881e+03,8.997199082781748292e-01,-2.931984111718548558e+00
3.819123057200701624e+03,8.849512166227936349e-01,-2.934023788827417434e+00
3.845622544656219361e+03,8.704620002064348272e-01,-2.936034167306429410e+00
3.872305902289489950e+03,8.562458332380473713e-01,-2.938015884838906189e+00
3.899174405907921027e+03,8.422964721392877108e-01,-2.939969560491802802e+00
3.926229340171273179e+03,8.286078493483179930e-01,-2.941895795377226452e+00
3.953471998653090850e+03,8.151740673653493641e-01,-2.943795173286658517e+00
3.980903683902541161e+03,8.019893930295717288e-01,-2.945668261299135615e+00
4.008525707506699291e+03,7.890482520175503556e-01,-2.947515610364604299e+00
4.036339390153269505e+03,7.763452235536341117e-01,-2.949337755863596033e+00
4.064346061693714546e+03,7.638750353233644264e-01,-2.951135218144302019e+00
4.092547061206852959e+03,7.516325585812301258e-01,-2.952908503038088384e+00
4.120943737062870241e+03,7.396128034445672572e-01,-2.954658102354422944e+00
4.149537446987790645e+03,7.278109143657242042e-01,-2.956384494356151471e+00
4.178329558128413737e+03,7.162221657749807679e-01,-2.958088144216004967e+00
4.207321447117657954e+03,7.048419578870910307e-01,-2.959769504455175060e+00
4.236514500140396194e+03,6.936658126645620648e-01,-2.961429015364759110e+00
4.265910112999719786e+03,6.826893699311663566e-01,-2.963067105410833513e+00
4.295509691183681753e+03,6.719083836294260648e-01,-2.964684191623875087e+00
4.325314649932508473e+03,6.613187182161105460e-01,-2.966280679973220202e+00
4.355326414306251536e+03,6.509163451900688013e-01,-2.967856965727210472e+00
4.385546419252933447e+03,6.406973397469326592e-01,-2.969413433799650726e+00
4.415976109677144450e+03,6.306578775555129468e-01,-2.970950459083165018e+00
4.446616940509133201e+03,6.207942316509058589e-01,-2.972468406770019111e+00
4.477470376774384931e+03,6.111027694395706478e-01,-2.973967632660943217e+00
4.508537893663651630e+03,6.015799498118515887e-01,-2.975448483462463489e+00
4.539820976603491545e+03,5.922223203575929240e-01,-2.976911297073232099e+00
4.571321121327285255e+03,5.830265146807136478e-01,-2.978356402859816843e+00
4.603039833946753788e+03,5.739892498087717509e-01,-2.979784121922391726e+00
4.634978631023984235e+03,5.651073236937309563e-01,-2.981194767350753061e+00
4.667139039643919205e+03,5.563776128003157240e-01,-2.982588644471055872e+00
4.699522597487392886e+03,5.477970697784724230e-01,-2.983966051083662308e+00
4.732130852904623680e+03,5.393627212166396401e-01,-2.985327277692456871e+00
4.764965364989266163e+03,5.310716654726358454e-01,-2.986672607725986861e+00
4.798027703652960554e+03,5.229210705791434988e-01,-2.988002317750753534e+00
4.831319449700376936e+03,5.149081722208866951e-01,-2.989316677676975953e+00
4.864842194904814278e+03,5.070302717807094739e-01,-2.990615950957125069e+00
4.898597542084290581e+03,4.992847344519080188e-01,-2.991900394777526895e+00
4.932587105178185084e+03,4.916689874142576855e-01,-2.993170260243298131e+00
4.966812509324420716e+03,4.841805180712972501e-01,-2.994425792556892674e+00
5.001275390937144039e+03,4.768168723465436298e-01,-2.995667231190499269e+00
5.035977397784984532e+03,4.695756530363842107e-01,-2.996894810052540770e+00
5.070920189069822300e+03,4.624545182175144875e-01,-2.998108757648496159e+00
5.106105435506123285e+03,4.554511797068601098e-01,-2.999309297236277594e+00
5.141534819400839297e+03,4.485634015720100787e-01,-3.000496646976364534e+00
5.177210034733823704e+03,4.417889986902912569e-01,-3.001671020076896568e+00
5.213132787238835590e+03,4.351258353546560431e-01,-3.002832624933926997e+00
5.249304794485085949e+03,4.285718239246606998e-01,-3.003981665267009937e+00
5.285727785959359608e+03,4.221249235208673345e-01,-3.005118340250307440e+00
5.322403503148728305e+03,4.157831387610693707e-01,-3.006242844639382295e+00
5.359333699623792199e+03,4.095445185368261076e-01,-3.007355368893835923e+00
5.396520141122539826e+03,4.034071548288195030e-01,-3.008456099295953035e+00
5.433964605634752843e+03,3.973691815596422372e-01,-3.009545218065496019e+00
5.471668883487027415e+03,3.914287734826511489e-01,-3.010622903470795642e+00
5.509634777428388588e+03,3.855841451055950775e-01,-3.011689329936270809e+00
5.547864102716466732e+03,3.798335496477778794e-01,-3.012744668146515536e+00
5.586358687204301532e+03,3.741752780295483083e-01,-3.013789085147067670e+00
5.625120371427720784e+03,3.686076578929829428e-01,-3.014822744441990832e+00
5.664151008693350377e+03,3.631290526526444462e-01,-3.015845806088378378e+00
5.703452465167240916e+03,3.577378605753666618e-01,-3.016858426787893066e+00
5.743026619964073689e+03,3.524325138880483044e-01,-3.017860759975448115e+00
5.782875365237024198e+03,3.472114779124707562e-01,-3.018852955905130031e+00
5.823000606268205047e+03,3.420732502262114338e-01,-3.019835161733463114e+00
5.863404261559782753e+03,3.370163598487346257e-01,-3.020807521600112455e+00
5.904088262925713025e+03,3.320393664518039856e-01,-3.021770176706107147e+00
5.945054555584091759e+03,3.271408595933791852e-01,-3.022723265389680947e+00
5.986305098250171795e+03,3.223194579741894827e-01,-3.023666923199805900e+00
6.027841863229997216e+03,3.175738087162190415e-01,-3.024601282967499749e+00
6.069666836514719762e+03,3.129025866623537100e-01,-3.025526474874991933e+00
6.111782017875558267e+03,3.083044936964798310e-01,-3.026442626522811707e+00
6.154189420959412018e+03,3.037782580833475743e-01,-3.027349862994873853e+00
6.196891073385113486e+03,2.993226338275385978e-01,-3.028248306921631716e+00
6.239889016840421391e+03,2.949364000508913342e-01,-3.029138078541362855e+00
6.283185307179585834e+03,2.906183603877887656e-01,-3.030019295759645903e+00
6.326782014521693782e+03,2.863673423976982879e-01,-3.030892074207099274e+00
6.370681223349622087e+03,2.821821969944131592e-01,-3.031756527295426551e+00
6.414885032609690825e+03,2.780617978914382005e-01,-3.032612766271838733e+00
6.459395555812056955e+03,2.740050410629920052e-01,-3.033460900271895966e+00
6.504214921131725532e+03,2.700108442201263337e-01,-3.034301036370831373e+00
6.549345271510334896e+03,2.660781463014633696e-01,-3.035133279633395631e+00
6.594788764758613070e+03,2.622059069780853791e-01,-3.035957733162282679e+00
6.640547573659516274e+03,2.583931061721250200e-01,-3.036774498145172974e+00
6.686623886072171445e+03,2.546387435886052208e-01,-3.037583673900445813e+00
6.733019905036428099e+03,2.509418382601267261e-01,-3.038385357921599361e+00
6.779737848878230579e+03,2.473014281039752071e-01,-3.039179645920424999e+00
6.826779951315675135e+03,2.437165694912702962e-01,-3.039966631868970648e+00
6.874148461565785510e+03,2.401863368277737942e-01,-3.040746408040335247e+00
6.921845644452096167e+03,2.367098221459852658e-01,-3.041519065048331250e+00
6.969873780512892154e+03,2.332861347081857384e-01,-3.042284691886050219e+00
7.018235166110294813e+03,2.299144006200739832e-01,-3.043043375963364827e+00
7.066932113540035971e+03,2.265937624546817686e-01,-3.043795203143405015e+00
7.115966951141989739e+03,2.233233788862443725e-01,-3.044540257778036718e+00
7.165342023411560149e+03,2.201024243337158792e-01,-3.045278622742374264e+00
7.215059691111702705e+03,2.169300886136490414e-01,-3.046010379468359730e+00
7.265122331385865436e+03,2.138055766021366988e-01,-3.046735607977433702e+00
7.315532337871613890e+03,2.107281079055549344e-01,-3.047454386912329838e+00
7.366292120815064663e+03,2.076969165398348249e-01,-3.048166793568016786e+00
7.417404107186169313e+03,2.047112506180042701e-01,-3.048872903921814537e+00
7.468870740794704034e+03,2.017703720457608429e-01,-3.049572792662712306e+00
7.520694482407159740e+03,1.988735562248251099e-01,-3.050266533219909260e+00
7.572877809864381561e+03,1.960200917638521001e-01,-3.050954197790602063e+00
7.625423218200012343e+03,1.932092801966742712e-01,-3.051635857367045457e+00
7.678333219759852000e+03,1.904404357076547871e-01,-3.052311581762900516e+00
7.731610344321901721e+03,1.877128848639536274e-01,-3.052981439638901229e+00
7.785257139217389522e+03,1.850259663544905619e-01,-3.053645498527851387e+00
7.839276169452536124e+03,1.823790307354217488e-01,-3.054303824858976224e+00
7.893670017831168479e+03,1.797714401819356933e-01,-3.054956483981645654e+00
7.948441285078271903e+03,1.772025682461827734e-01,-3.055603540188489564e+00
8.003592589964267972e+03,1.746717996211708535e-01,-3.056245056737922017e+00
8.059126569430292875e+03,1.721785299104446054e-01,-3.056881095876090360e+00
8.115045878714236096e+03,1.697221654033938820e-01,-3.057511718858268779e+00
8.171353191477686778e+03,1.673021228560249429e-01,-3.058136985969709176e+00
8.228051199933815951e+03,1.649178292770386300e-01,-3.058756956545968464e+00
8.285142614976039113e+03,1.625687217190730505e-01,-3.059371688992724270e+00
8.342630166307684703e+03,1.602542470749555859e-01,-3.059981240805094149e+00
8.400516602572488409e+03,1.579738618788325832e-01,-3.060585668586476960e+00
8.458804691485987860e+03,1.557270321120372836e-01,-3.061185028066921721e+00
8.517497219967906858e+03,1.535132330135608181e-01,-3.061779374121044839e+00
8.576596994275349061e+03,1.513319488950072567e-01,-3.062368760785505906e+00
8.636106840137028485e+03,1.491826729598989543e-01,-3.062953241276050953e+00
8.696029602888344016e+03,1.470649071272222552e-01,-3.063532868004144483e+00
8.756368147607408901e+03,1.449781618590915422e-01,-3.064107692593188048e+00
8.817125359252087947e+03,1.429219559924194694e-01,-3.064677765894353367e+00
8.878304142797871464e+03,1.408958165744901847e-01,-3.065243138002022416e+00
8.939907423376829684e+03,1.388992787023216879e-01,-3.065803858268865145e+00
9.001938146417449389e+03,1.369318853657223167e-01,-3.066359975320545939e+00
9.064399277785429149e+03,1.349931872939402200e-01,-3.066911537070081906e+00
9.127293803925558677e+03,1.330827428058058148e-01,-3.067458590731858781e+00
9.190624732004424004e+03,1.312001176632820731e-01,-3.068001182835311980e+00
9.254395090054262255e+03,1.293448849283233837e-01,-3.068539359238281250e+00
9.318607927117713189e+03,1.275166248229625265e-01,-3.069073165140054460e+00
9.383266313393567543e+03,1.257149245925389125e-01,-3.069602645094100968e+00
9.448373340383634059e+03,1.239393783719814068e-01,-3.070127843020505232e+00
9.513932121040475977e+03,1.221895870550741281e-01,-3.070648802218113094e+00
9.579945789916322610e+03,1.204651581666187632e-01,-3.071165565376392070e+00
9.646417503312868575e+03,1.187657057374265218e-01,-3.071678174587017640e+00
9.713350439432253552e+03,1.170908501820589614e-01,-3.072186671355189524e+00
9.780747798528989733e+03,1.154402181792533594e-01,-3.072691096610690398e+00
9.848612803062946114e+03,1.138134425549610085e-01,-3.073191490718685248e+00
9.916948697853491467e+03,1.122101621679295613e-01,-3.073687893490278711e+00
9.985758750234565014e+03,1.106300217977705391e-01,-3.074180344192825931e+00
1.005504625021095490e+04,1.090726720354422835e-01,-3.074668881560013833e+00
1.012481451061558619e+04,1.075377691760923127e-01,-3.075153543801710576e+00
1.019506686726787848e+04,1.060249751141989633e-01,-3.075634368613591629e+00
1.026580667913331672e+04,1.045339572409504925e-01,-3.076111393186552245e+00
1.033703732848395885e+04,1.030643883438136510e-01,-3.076584654215904990e+00
1.040876222106024397e+04,1.016159465082279445e-01,-3.077054187910375216e+00
1.048098478623378651e+04,1.001883150213811885e-01,-3.077520030000890916e+00
1.055370847717130891e+04,9.878118227801077622e-02,-3.077982215749180739e+00
1.062693677099983506e+04,9.739424168817935323e-02,-3.078440779956182372e+00
1.070067316897284400e+04,9.602719158698216906e-02,-3.078895756970260411e+00
1.077492119663775884e+04,9.467973514613214903e-02,-3.079347180695249264e+00
1.084968440400447071e+04,9.335158028738267666e-02,-3.079795084598313082e+00
1.092496636571505587e+04,9.204243959774055517e-02,-3.080239501717640493e+00
1.100077068121475531e+04,9.075203024642548855e-02,-3.080680464669967034e+00
1.107710097492398745e+04,8.948007390353740487e-02,-3.081118005657934145e+00
1.115396089641172694e+04,8.822629666038585283e-02,-3.081552156477291859e+00
1.123135412056995665e+04,8.699042895144644405e-02,-3.081982948523944721e+00
1.130928434778934752e+04,8.577220547790323502e-02,-3.082410412800842270e+00
1.138775530413627166e+04,8.457136513273792733e-02,-3.082834579924728757e+00
1.146677074153084686e+04,8.338765092733450845e-02,-3.083255480132743198e+00
1.154633443792641810e+04,8.222080991955717233e-02,-3.083673143288879981e+00
1.162645019749016137e+04,8.107059314327187682e-02,-3.084087598890314030e+00
1.170712185078492803e+04,7.993675553927655220e-02,-3.084498876073589635e+00
1.178835325495248253e+04,7.881905588760473869e-02,-3.084907003620681820e+00
1.187014829389782244e+04,7.771725674117541116e-02,-3.085312009964924940e+00
1.195251087847497001e+04,7.663112436075257550e-02,-3.085713923196824027e+00
1.203544494667392428e+04,7.556042865118911545e-02,-3.086112771069738692e+00
1.211895446380890644e+04,7.450494309892320699e-02,-3.086508581005452001e+00
1.220304342270804409e+04,7.346444471069750459e-02,-3.086901380099622560e+00
1.228771584390417047e+04,7.243871395347684095e-02,-3.087291195127123355e+00
1.237297577582716258e+04,7.142753469553275725e-02,-3.087678052547271790e+00
1.245882729499744892e+04,7.043069414867263178e-02,-3.088061978508952254e+00
1.254527450622090328e+04,6.944798281158498510e-02,-3.088442998855631227e+00
1.263232154278518101e+04,6.847919441427592624e-02,-3.088821139130273341e+00
1.271997256665724490e+04,6.752412586357482704e-02,-3.089196424580154421e+00
1.280823176868245537e+04,6.658257718968141337e-02,-3.089568880161579045e+00
1.289710336878489943e+04,6.565435149373492763e-02,-3.089938530544502626e+00
1.298659161616912206e+04,6.473925489638089614e-02,-3.090305400117057122e+00
1.307670078952339645e+04,6.383709648731220043e-02,-3.090669512989991041e+00
1.316743519722417477e+04,6.294768827576695258e-02,-3.091030893001014856e+00
1.325879917754218150e+04,6.207084514195742447e-02,-3.091389563719065148e+00
1.335079709884980912e+04,6.120638478941339139e-02,-3.091745548448479486e+00
1.344343335982993995e+04,6.035412769821847656e-02,-3.092098870233091379e+00
1.353671238968634316e+04,5.951389707911949878e-02,-3.092449551860242174e+00
1.363063864835534514e+04,5.868551882849204482e-02,-3.092797615864716132e+00
1.372521662671917511e+04,5.786882148414088101e-02,-3.093143084532594678e+00
1.382045084682063498e+04,5.706363618192019510e-02,-3.093485979905041372e+00
1.391634586207926804e+04,5.626979661315473225e-02,-3.093826323782004728e+00
1.401290625750918480e+04,5.548713898284361734e-02,-3.094164137725857078e+00
1.411013664993815655e+04,5.471550196863329829e-02,-3.094499443064957500e+00
1.420804168822846077e+04,5.395472668053982040e-02,-3.094832260897147691e+00
1.430662605349912337e+04,5.320465662140717866e-02,-3.095162612093181664e+00
1.440589445934967989e+04,5.246513764808565655e-02,-3.095490517300087507e+00
1.450585165208566286e+04,5.173601793331337323e-02,-3.095815996944465631e+00
1.460650241094540252e+04,5.101714792828960371e-02,-3.096139071235725293e+00
1.470785154832865555e+04,5.030838032592179626e-02,-3.096459760169258058e+00
1.480990391002663637e+04,4.960957002473536520e-02,-3.096778083529552639e+00
1.491266437545368353e+04,4.892057409343095881e-02,-3.097094060893247569e+00
1.501613785788065070e+04,4.824125173607551886e-02,-3.097407711632132354e+00
1.512032930466970538e+04,4.757146425791595329e-02,-3.097719054916086900e+00
1.522524369751097947e+04,4.691107503180020483e-02,-3.098028109715967648e+00
1.533088605266072773e+04,4.625994946519535606e-02,-3.098334894806442641e+00
1.543726142118110511e+04,4.561795496779001702e-02,-3.098639428768768411e+00
1.554437488918178678e+04,4.498496091966788096e-02,-3.098941729993522021e+00
1.565223157806302879e+04,4.436083864004347621e-02,-3.099241816683276696e+00
1.576083664476064223e+04,4.374546135654575063e-02,-3.099539706855233945e+00
1.587019528199251363e+04,4.313870417504115512e-02,-3.099835418343801940e+00
1.598031271850684425e+04,4.254044404998397200e-02,-3.100128968803130380e+00
1.609119421933225021e+04,4.195055975528308445e-02,-3.100420375709599607e+00
1.620284508602937240e+04,4.136893185567661752e-02,-3.100709656364261768e+00
1.631527065694448538e+04,4.079544267860189810e-02,-3.100996827895239338e+00
1.642847630746467985e+04,4.022997628655332336e-02,-3.101281907260083237e+00
1.654246745027482029e+04,3.967241844991731270e-02,-3.101564911248082090e+00
1.665724953561646907e+04,3.912265662027437224e-02,-3.101845856482536856e+00
1.677282805154833113e+04,3.858057990416113164e-02,-3.102124759422991929e+00
1.688920852420879601e+04,3.804607903728064733e-02,-3.102401636367426274e+00
1.700639651808007329e+04,3.751904635915497693e-02,-3.102676503454405488e+00
1.712439763625422347e+04,3.699937578820967216e-02,-3.102949376665198766e+00
1.724321752070115690e+04,3.648696279728190495e-02,-3.103220271825855914e+00
1.736286185253827352e+04,3.598170438954530204e-02,-3.103489204609247931e+00
1.748333635230222717e+04,3.548349907484169702e-02,-3.103756190537073856e+00
1.760464678022227599e+04,3.499224684641406846e-02,-3.104021244981832073e+00
1.772679893649586666e+04,3.450784915803051245e-02,-3.104284383168755213e+00
1.784979866156585922e+04,3.403020890149421190e-02,-3.104545620177715737e+00
1.797365183639974930e+04,3.355923038453072216e-02,-3.104804970945095111e+00
1.809836438277096022e+04,3.309481930904513425e-02,-3.105062450265623220e+00
1.822394226354186321e+04,3.263688274974355097e-02,-3.105318072794184481e+00
1.835039148294897677e+04,3.218532913311029225e-02,-3.105571853047595088e+00
1.847771808689000318e+04,3.174006821673554246e-02,-3.105823805406349170e+00
1.860592816321285500e+04,3.130101106898628555e-02,-3.106073944116335195e+00
1.873502784200684255e+04,3.086807004901361354e-02,-3.106322283290523067e+00
1.886502329589563305e+04,3.044115878709152331e-02,-3.106568836910625908e+00
1.899592074033251993e+04,3.002019216527920462e-02,-3.106813618828728973e+00
1.912772643389752557e+04,2.960508629840266637e-02,-3.107056642768895927e+00
1.926044667859659967e+04,2.919575851534859934e-02,-3.107297922328747575e+00
1.939408782016307305e+04,2.879212734066473670e-02,-3.107537470981010408e+00
1.952865624836089046e+04,2.839411247646221256e-02,-3.107775302075046486e+00
1.966415839729028085e+04,2.800163478461267438e-02,-3.108011428838353130e+00
1.980060074569531935e+04,2.761461626923629800e-02,-3.108245864378038625e+00
1.993798981727364662e+04,2.723298005947472067e-02,-3.108478621682276177e+00
2.007633218098851285e+04,2.685665039254331310e-02,-3.108709713621732984e+00
2.021563445138269526e+04,2.648555259705893949e-02,-3.108939152950974893e+00
2.035590328889491502e+04,2.611961307663666215e-02,-3.109166952309851073e+00
2.049714540017822583e+04,2.575875929375189000e-02,-3.109393124224852922e+00
2.063936753842060716e+04,2.540291975386273216e-02,-3.109617681110456555e+00
2.078257650366800226e+04,2.505202398978721365e-02,-3.109840635270437303e+00
2.092677914314929876e+04,2.470600254633218557e-02,-3.110061998899168234e+00
2.107198235160381955e+04,2.436478696516798312e-02,-3.110281784082897794e+00
2.121819307161096367e+04,2.402830976994551129e-02,-3.110500002801003472e+00
2.136541829392206637e+04,2.369650445165111946e-02,-3.110716666927230811e+00
2.151366505779478030e+04,2.336930545419461588e-02,-3.110931788230908435e+00
2.166294045132949759e+04,2.304664816022725798e-02,-3.111145378378149307e+00
2.181325161180839496e+04,2.272846887718451767e-02,-3.111357448933026681e+00
2.196460572603661058e+04,2.241470482355073165e-02,-3.111568011358739394e+00
2.211701003068581122e+04,2.210529411534121677e-02,-3.111777077018752724e+00
2.227047181264036044e+04,2.180017575279767986e-02,-3.111984657177925495e+00
2.242499840934552049e+04,2.149928960729436886e-02,-3.112190763003617633e+00
2.258059720915846265e+04,2.120257640844982333e-02,-3.112395405566784845e+00
2.273727565170144226e+04,2.090997773144187902e-02,-3.112598595843051541e+00
2.289504122821744022e+04,2.062143598452190890e-02,-3.112800344713769540e+00
2.305390148192851120e+04,2.033689439672445309e-02,-3.113000662967063903e+00
2.321386400839624912e+04,2.005629700576993038e-02,-3.113199561298858331e+00
2.337493645588511936e+04,1.977958864615585524e-02,-3.113397050313886805e+00
2.353712652572808292e+04,1.950671493743435375e-02,-3.113593140526693670e+00
2.370044197269472716e+04,1.923762227267237362e-02,-3.113787842362611968e+00
2.386489060536224497e+04,1.897225780709105997e-02,-3.113981166158735103e+00
2.403048028648855689e+04,1.871056944688232263e-02,-3.114173122164867191e+00
2.419721893338843438e+04,1.845250583819831383e-02,-3.114363720544465419e+00
2.436511451831198792e+04,1.819801635631177264e-02,-3.114552971375564194e+00
2.453417506882575253e+04,1.794705109494427325e-02,-3.114740884651687303e+00
2.470440866819669100e+04,1.769956085575875512e-02,-3.114927470282749411e+00
2.487582345577847445e+04,1.745549713801483604e-02,-3.115112738095940248e+00
2.504842762740083344e+04,1.721481212838289407e-02,-3.115296697836598128e+00
2.522222943576132820e+04,1.697745869091517659e-02,-3.115479359169073703e+00
2.539723719081988020e+04,1.674339035717103269e-02,-3.115660731677574180e+00
2.557345926019625404e+04,1.651256131649324332e-02,-3.115840824867004422e+00
2.575090406956994775e+04,1.628492640643386044e-02,-3.116019648163789846e+00
2.592958010308321900e+04,1.606044110332600916e-02,-3.116197210916689997e+00
2.610949590374666514e+04,1.583906151300014387e-02,-3.116373522397600127e+00
2.629066007384760451e+04,1.562074436164187334e-02,-3.116548591802341672e+00
2.647308127536156098e+04,1.540544698678891766e-02,-3.116722428251444299e+00
2.665676823036620772e+04,1.519312732846547949e-02,-3.116895040790911509e+00
2.684172972145858148e+04,1.498374392045095926e-02,-3.117066438392980476e+00
2.702797459217493451e+04,1.477725588168154157e-02,-3.117236629956870786e+00
2.721551174741346040e+04,1.457362290778221534e-02,-3.117405624309520284e+00
2.740435015386027953e+04,1.437280526272664144e-02,-3.117573430206313834e+00
2.759449884041791665e+04,1.417476377062374185e-02,-3.117740056331800957e+00
2.778596689863723805e+04,1.397945980762786353e-02,-3.117905511300402832e+00
2.797876348315199721e+04,1.378685529397138954e-02,-3.118069803657112171e+00
2.817289781211651280e+04,1.359691268611738432e-02,-3.118232941878181119e+00
2.836837916764658439e+04,1.340959496903017245e-02,-3.118394934371801597e+00
2.856521689626309308e+04,1.322486564856250983e-02,-3.118555789478776319e+00
2.876342040933904354e+04,1.304268874395678873e-02,-3.118715515473180488e+00
2.896299918354950933e+04,1.286302878045896166e-02,-3.118874120563014607e+00
2.916396276132463390e+04,1.268585078204321169e-02,-3.119031612890850180e+00
2.936632075130607336e+04,1.251112026424529115e-02,-3.119188000534464322e+00
2.957008282880619663e+04,1.233880322710342523e-02,-3.119343291507469029e+00
2.977525873627087640e+04,1.216886614820431728e-02,-3.119497493759929796e+00
2.998185828374524863e+04,1.200127597583314568e-02,-3.119650615178978459e+00
3.018989134934262620e+04,1.183600012222575833e-02,-3.119802663589415825e+00
3.039936787971704325e+04,1.167300645692105447e-02,-3.119953646754308529e+00
3.061029789053857530e+04,1.151226330021269673e-02,-3.120103572375577006e+00
3.082269146697242832e+04,1.135373941669774213e-02,-3.120252448094576803e+00
3.103655876416106912e+04,1.119740400892133350e-02,-3.120400281492671901e+00
3.125191000770964092e+04,1.104322671111568517e-02,-3.120547080091800929e+00
3.146875549417513321e+04,1.089117758303156415e-02,-3.120692851355036712e+00
3.168710559155841838e+04,1.074122710386150349e-02,-3.120837602687139167e+00
3.190697073980023561e+04,1.059334616625251524e-02,-3.120981341435098422e+00
3.212836145128008502e+04,1.044750607040762815e-02,-3.121124074888675715e+00
3.235128831131911284e+04,1.030367851827417892e-02,-3.121265810280934083e+00
3.257576197868609233e+04,1.016183560781806945e-02,-3.121406554788763721e+00
3.280179318610697374e+04,1.002194982738238357e-02,-3.121546315533401561e+00
3.302939274077825394e+04,9.883994050128859510e-03,-3.121685099580942424e+00
3.325857152488348220e+04,9.747941528561418142e-03,-3.121822913942847944e+00
3.348934049611373484e+04,9.613765889129939624e-03,-3.121959765576442614e+00
3.372171068819149514e+04,9.481441126913412246e-03,-3.122095661385412058e+00
3.395569321139805834e+04,9.350941600381150812e-03,-3.122230608220288861e+00
3.419129925310501858e+04,9.222242026230577025e-03,-3.122364612878935297e+00
3.442854007830887713e+04,9.095317474300920052e-03,-3.122497682107019834e+00
3.466742703016988526e+04,8.970143362561106004e-03,-3.122629822598489202e+00
3.490797153055433591e+04,8.846695452171055712e-03,-3.122761040996031578e+00
3.515018508058049338e+04,8.724949842615238940e-03,-3.122891343891537996e+00
3.539407926116882300e+04,8.604882966907015721e-03,-3.123020737826556203e+00
3.563966573359537142e+04,8.486471586863268690e-03,-3.123149229292740525e+00
3.588695624004957790e+04,8.369692788447626389e-03,-3.123276824732294621e+00
3.613596260419562896e+04,8.254523977181692923e-03,-3.123403530538410244e+00
3.638669673173764022e+04,8.140942873623099180e-03,-3.123529353055702451e+00
3.663917061098916747e+04,8.028927508909093624e-03,-3.123654298580635924e+00
3.689339631344610098e+04,7.918456220365225132e-03,-3.123778373361950855e+00
3.714938599436412187e+04,7.809507647177495876e-03,-3.123901583601081278e+00
3.740715189333973103e+04,7.702060726127518513e-03,-3.124023935452567180e+00
3.766670633489538159e+04,7.596094687389505842e-03,-3.124145435024467510e+00
3.792806172906899883e+04,7.491589050388015696e-03,-3.124266088378762518e+00
3.819123057200701442e+04,7.388523619715936692e-03,-3.124385901531753440e+00
3.845622544656214450e+04,7.286878481111285465e-03,-3.124504880454460398e+00
3.872305902289490041e+04,7.186633997492355638e-03,-3.124623031073013646e+00
3.899174405907921027e+04,7.087770805050188153e-03,-3.124740359269037260e+00
3.926229340171276999e+04,6.990269809397289119e-03,-3.124856870880037274e+00
3.953471998653090850e+04,6.894112181772190165e-03,-3.124972571699774271e+00
3.980903683902537159e+04,6.799279355298515522e-03,-3.125087467478642189e+00
4.008525707506699109e+04,6.705753021298138661e-03,-3.125201563924037362e+00
4.036339390153269051e+04,6.613515125657416262e-03,-3.125314866700723115e+00
4.064346061693718366e+04,6.522547865245633021e-03,-3.125427381431193474e+00
4.092547061206853687e+04,6.432833684385170711e-03,-3.125539113696031102e+00
4.120943737062865694e+04,6.344355271372225345e-03,-3.125650069034262568e+00
4.149537446987790463e+04,6.257095555047661323e-03,-3.125760252943707407e+00
4.178329558128413191e+04,6.171037701417113504e-03,-3.125869670881325391e+00
4.207321447117661592e+04,6.086165110319481132e-03,-3.125978328263560702e+00
4.236514500140395830e+04,6.002461412143396402e-03,-3.126086230466680327e+00
4.265910112999715784e+04,5.919910464590577397e-03,-3.126193382827110678e+00
4.295509691183682298e+04,5.838496349485706310e-03,-3.126299790641768883e+00
4.325314649932508473e+04,5.758203369631965593e-03,-3.126405459168393630e+00
4.355326414306255901e+04,5.679016045711471339e-03,-3.126510393625868467e+00
4.385546419252933265e+04,5.600919113230237029e-03,-3.126614599194545097e+00
4.415976109677139902e+04,5.523897519506627656e-03,-3.126718081016562234e+00
4.446616940509133565e+04,5.447936420702973771e-03,-3.126820844196159133e+00
4.477470376774385659e+04,5.373021178899571766e-03,-3.126922893799990000e+00
4.508537893663655996e+04,5.299137359210361747e-03,-3.127024234857432639e+00
4.539820976603490999e+04,5.226270726939903979e-03,-3.127124872360892649e+00
4.571321121327280707e+04,5.154407244780744891e-03,-3.127224811266107185e+00
4.603039833946754516e+04,5.083533070050851727e-03,-3.127324056492443827e+00
4.634978631023983326e+04,5.013634551970382047e-03,-3.127422612923198120e+00
4.667139039643924480e+04,4.944698228977136706e-03,-3.127520485405887118e+00
4.699522597487392341e+04,4.876710826080390970e-03,-3.127617678752537600e+00
4.732130852904618951e+04,4.809659252252205218e-03,-3.127714197739977386e+00
4.764965364989266527e+04,4.743530597855927233e-03,-3.127810047110116898e+00
4.798027703652960190e+04,4.678312132111254670e-03,-3.127905231570232480e+00
4.831319449700381665e+04,4.613991300595212362e-03,-3.127999755793246628e+00
4.864842194904814824e+04,4.550555722778760852e-03,-3.128093624418001095e+00
4.898597542084285669e+04,4.487993189598217351e-03,-3.128186842049534899e+00
4.932587105178186175e+04,4.426291661061242805e-03,-3.128279413259350772e+00
4.966812509324420535e+04,4.365439263886781822e-03,-3.128371342585686943e+00
5.001275390937149496e+04,4.305424289178349205e-03,-3.128462634533781372e+00
5.035977397784985078e+04,4.246235190130435815e-03,-3.128553293576134653e+00
5.070920189069817570e+04,4.187860579767265293e-03,-3.128643324152771132e+00
5.106105435506123467e+04,4.130289228713656183e-03,-3.128732730671496487e+00
5.141534819400838751e+04,4.073510062997422188e-03,-3.128821517508153072e+00
5.177210034733828797e+04,4.017512161882784080e-03,-3.128909689006874384e+00
5.213132787238836318e+04,3.962284755734553007e-03,-3.128997249480333309e+00
5.249304794485079765e+04,3.907817223912365273e-03,-3.129084203209992587e+00
5.285727785959360335e+04,3.854099092694756538e-03,-3.129170554446349506e+00
5.322403503148727759e+04,3.801120033232588402e-03,-3.129256307409180149e+00
5.359333699623798020e+04,3.748869859531232807e-03,-3.129341466287780094e+00
5.396520141122540372e+04,3.697338526461424902e-03,-3.129426035241203330e+00
5.433964605634748295e+04,3.646516127798005505e-03,-3.129510018398499405e+00
5.471668883487027779e+04,3.596392894286446450e-03,-3.129593419858947900e+00
5.509634777428388770e+04,3.546959191736605028e-03,-3.129676243692291138e+00
5.547864102716472553e+04,3.498205519143288578e-03,-3.129758493938962438e+00
5.586358687204302259e+04,3.450122506833408053e-03,-3.129840174610317494e+00
5.625120371427720238e+04,3.402700914639111666e-03,-3.129921289688855968e+00
5.664151008693350013e+04,3.355931630096741208e-03,-3.130001843128450201e+00
5.703452465167240007e+04,3.309805666671062838e-03,-3.130081838854562370e+00
5.743026619964079873e+04,3.264314162004519973e-03,-3.130161280764467868e+00
5.782875365237023652e+04,3.219448376191141360e-03,-3.130240172727470682e+00
5.823000606268204865e+04,3.175199690074632063e-03,-3.130318518585120113e+00
5.863404261559783481e+04,3.131559603570496005e-03,-3.130396322151424382e+00
5.904088262925713207e+04,3.088519734011649278e-03,-3.130473587213062459e+00
5.945054555584098125e+04,3.046071814517317764e-03,-3.130550317529593674e+00
5.986305098250171432e+04,3.004207692384865645e-03,-3.130626516833666884e+00
6.027841863229998125e+04,2.962919327504116764e-03,-3.130702188831225197e+00
6.069666836514719034e+04,2.922198790794051752e-03,-3.130777337201710697e+00
6.111782017875558086e+04,2.882038262661324509e-03,-3.130851965598267839e+00
6.154189420959411655e+04,2.842430031480477036e-03,-3.130926077647942396e+00
6.196891073385113123e+04,2.803366492095464048e-03,-3.130999676951882638e+00
6.239889016840422119e+04,2.764840144342123503e-03,-3.131072767085533837e+00
6.283185307179586380e+04,2.726843591591454705e-03,-3.131145351598835447e+00
